Model,Train_RMSE,Train_MAE,Train_R2,Test_RMSE,Test_MAE,Test_R2
ANN (PyTorch),8244.607449721303,2540.6806640625,0.5271362066268921,9693.810808964656,3244.281982421875,0.663832426071167
